AX,AY,AZ,GX,GY,GZ,water,activity
-4600,664,-16564,-568,-8035,-1589,217,drowning
-5428,1608,-15432,-803,-6409,-1696,214,drowning
-6132,1984,-15844,222,-5992,-1988,215,drowning
-7332,1520,-15684,528,-6994,-1762,216,drowning
-7664,860,-14356,734,-5977,-1318,216,drowning
-8008,160,-13952,886,-4445,-264,216,drowning
-9284,1120,-14436,663,-5628,425,216,drowning
-9696,1136,-13572,674,-4506,149,217,drowning
-9876,864,-12280,59,-2942,-97,216,drowning
-10124,1076,-13096,-10,-1602,-285,218,drowning
-9984,1208,-13028,456,-1360,-647,218,drowning
-10140,964,-13236,140,245,-723,217,drowning
-10164,724,-13632,580,-841,-571,216,drowning
-10044,796,-12840,219,-1186,-610,216,drowning
-10264,792,-12920,401,-853,-493,217,drowning
-10612,612,-13032,-259,-833,-635,217,drowning
-10648,1128,-12756,-316,-75,-818,216,drowning
-10580,460,-12748,-125,-132,-927,218,drowning
-10552,364,-12920,46,-316,-423,217,drowning
-10416,596,-12468,-70,467,167,218,drowning
-10488,860,-13064,-264,191,20,217,drowning
-10564,1032,-12680,-78,-246,-178,218,drowning
-10452,888,-12720,43,303,-549,217,drowning
-10536,848,-12820,28,863,-501,217,drowning
-10360,480,-12884,303,845,-220,217,drowning
-10544,756,-13500,393,1045,101,218,drowning
-10120,592,-13292,392,1020,317,217,drowning
-9828,900,-13304,652,1760,547,218,drowning
-9724,608,-13780,1134,1259,562,217,drowning
-9620,936,-13056,402,1180,457,217,drowning
-9336,708,-13708,244,2036,249,217,drowning
-9368,676,-14168,930,1637,349,217,drowning
-9036,536,-12844,-19,692,-372,217,drowning
-8920,336,-13004,-694,2048,-208,217,drowning
-8752,632,-12976,-366,1850,-367,218,drowning
-8344,408,-12948,226,2632,-163,217,drowning
-8260,416,-14072,-104,1923,495,217,drowning
-8440,1004,-14408,-308,1220,260,217,drowning
-8452,508,-14564,1131,821,325,217,drowning
-8364,880,-14672,57,36,371,217,drowning
-8360,996,-14184,-505,644,74,217,drowning
-8212,1144,-14580,125,523,-76,217,drowning
-7572,772,-12676,82,913,-297,217,drowning
-7188,684,-13136,237,2496,-142,215,drowning
-6680,688,-13896,715,3505,-27,214,drowning
-6808,540,-15472,472,2478,47,213,drowning
-6740,352,-15708,255,383,308,213,drowning
-6728,872,-15248,90,680,1002,215,drowning
-7180,1388,-16200,-256,574,745,214,drowning
-7140,1560,-15236,39,-890,12,215,drowning
-6828,1224,-13256,-882,477,-574,216,drowning
-7000,584,-13348,638,312,-548,215,drowning
-7052,916,-12960,-135,1483,112,213,drowning
-7572,948,-14820,-431,1012,13,212,drowning
-7456,1188,-14216,-147,-637,28,211,drowning
-7336,1608,-14660,-1319,1484,-277,210,drowning
-7424,1380,-16072,-729,301,-60,208,drowning
-6848,1736,-15112,-189,1242,292,207,drowning
-6736,1808,-16680,574,1600,89,206,drowning
-6548,1792,-16932,173,714,-18,207,drowning
-6548,1640,-16276,-90,646,-599,207,drowning
-6376,1332,-16052,-74,1313,-824,208,drowning
-6452,1136,-16364,-57,896,-665,209,drowning
-6700,1424,-16364,114,285,-527,209,drowning
-6340,1068,-15024,-57,780,-17,210,drowning
-5860,1848,-14244,-1290,1929,152,212,drowning
-4948,1204,-11616,72,1002,-64,211,drowning
-4676,1928,-12284,-92,2761,90,210,drowning
-5724,1552,-14232,645,1277,-760,207,drowning
-6836,1388,-14388,-181,-797,-199,206,drowning
-6816,1944,-16408,935,1769,-928,203,drowning
-5060,1316,-16584,203,1985,-1328,204,drowning
-5092,1320,-19320,282,870,-602,203,drowning
-5564,1296,-18616,54,-3775,-154,204,drowning
-5556,1632,-15756,986,-3104,59,206,drowning
-6024,1432,-15796,164,-1582,-423,207,drowning
-6224,1180,-16532,-338,-1732,-430,207,drowning
-5644,1100,-14516,215,-1172,-50,208,drowning
-4908,1612,-12168,-685,-532,-173,208,drowning
-5380,916,-12244,157,966,-1095,206,drowning
-5548,1652,-11696,157,908,-1018,206,drowning
-7516,1544,-14936,-1658,-1347,-1589,204,drowning
-8584,2140,-16124,-1872,-1842,-1834,203,drowning
-8408,1660,-16816,677,-3197,-3390,202,drowning
-7056,1480,-15676,-1606,-2325,-2511,203,drowning
-7460,1428,-17840,-340,-3087,-2528,203,drowning
-7764,996,-16492,778,-3967,-1861,203,drowning
-8016,376,-14628,984,-5280,-1011,204,drowning
-7732,536,-12984,1056,-978,446,204,drowning
-8036,1036,-13756,518,-627,266,205,drowning
-7040,1052,-10204,-1084,-1109,532,204,drowning
-8612,1052,-12020,461,-2689,-1358,204,drowning
-10480,1880,-12132,-741,-1537,-579,203,drowning
-11244,1196,-10016,-2601,-3767,-1315,202,drowning
-11944,1756,-15708,1923,-847,-2788,200,drowning
-9676,32,-14636,1557,1406,-594,200,drowning
-9264,76,-15996,1284,-1182,265,200,drowning
-9520,928,-16448,1025,-1265,1010,202,drowning
-10492,1416,-16436,771,-4785,-95,203,drowning
-9760,124,-10468,1687,-6460,-1456,204,drowning
-10096,60,-13216,1453,-2255,-634,205,drowning
-9268,-156,-8416,-1440,-4054,-477,206,drowning
-9152,656,-8992,-196,-2664,169,204,drowning
-10400,1972,-10524,-1402,-7428,-2173,204,drowning
-11972,-24,-5304,-1120,-4200,-2271,203,drowning
-13920,-940,-10276,778,1278,-2010,202,drowning
-13748,4,-12920,-748,1189,-753,203,drowning
-12656,348,-10400,-942,-793,-302,204,drowning
-13128,-292,-12852,1777,-44,-482,204,drowning
-12896,-456,-9332,481,-229,-34,204,drowning
-12648,-128,-10628,-907,1938,429,204,drowning
-12512,-28,-10652,-1204,722,117,205,drowning
-11880,336,-8828,-864,2575,-400,204,drowning
-11080,-60,-8860,-657,2884,-486,202,drowning
-11172,240,-8544,-995,875,-598,202,drowning
-11628,244,-8800,-394,3277,-223,202,drowning
-12772,184,-10524,-2180,471,35,202,drowning
-12688,720,-11756,11,3013,633,200,drowning
-11812,508,-13032,3247,3789,122,200,drowning
-11132,444,-14192,158,3873,-387,200,drowning
-10056,32,-13664,-346,1703,-100,201,drowning
-9704,248,-13660,-244,2351,187,201,drowning
-9380,132,-12644,-217,1935,-299,201,drowning
-9176,244,-13488,-502,2892,399,202,drowning
-9188,964,-13652,-903,788,385,202,drowning
-8796,1172,-11580,-23,1409,-186,203,drowning
-8308,912,-11920,-174,2139,-1247,202,drowning
-9196,152,-15524,-208,574,-623,203,drowning
-9560,672,-13488,56,-4705,-193,205,drowning
-10072,900,-11596,-730,-4865,-704,206,drowning
-10936,680,-11976,2,-2661,-1192,206,drowning
-11640,328,-13236,706,-2477,-1522,207,drowning
-11136,-272,-10900,1439,590,-390,206,drowning
-10692,76,-11272,106,2793,-295,206,drowning
-10164,176,-13548,-751,3758,-359,205,drowning
-9924,116,-13676,-1138,1730,-456,207,drowning
-9932,472,-13592,-1128,124,-233,206,drowning
-10148,460,-13060,-462,-670,-291,207,drowning
-10652,428,-13032,639,-679,-388,208,drowning
-10848,212,-13304,296,-1097,-260,208,drowning
-10756,76,-12148,-179,-1278,32,209,drowning
-10444,4,-11444,-3,196,148,209,drowning
-10524,444,-12612,26,1448,380,209,drowning
-10216,272,-12184,-731,618,294,210,drowning
-9728,300,-10992,-130,974,397,209,drowning
-8792,308,-10364,602,2454,562,208,drowning
-8552,920,-12324,-440,2686,576,207,drowning
-8204,796,-13272,14,2342,363,207,drowning
-8816,996,-14932,1205,-32,61,208,drowning
-9304,772,-13852,575,-3553,-661,210,drowning
-9828,916,-12392,-752,-2654,-551,211,drowning
-9760,916,-11528,-1845,-1318,-1066,212,drowning
-8916,1548,-13332,-493,992,-1138,213,drowning
-8340,1448,-15520,166,-1830,-2313,213,drowning
-8328,192,-12852,139,-5477,-2626,213,drowning
-8928,-388,-11228,-577,-6657,-1379,212,drowning
-9920,144,-11920,-154,-6692,631,212,drowning
-11116,1044,-11084,937,-8402,1168,212,drowning
-12164,788,-7580,533,-6519,-467,211,drowning
-12400,876,-8072,247,-7066,-1096,211,drowning
-14844,684,-10164,519,-4083,-2850,210,drowning
-15628,-952,-7536,1502,-5872,-2023,209,drowning
-13844,-1756,-4424,1276,-2468,-1108,208,drowning
-10984,-1384,-4392,1551,-19,-119,208,drowning
-9552,-1388,-3004,2408,-263,843,207,drowning
-11608,508,-9840,1426,-756,-1272,208,drowning
-13320,304,-2628,-502,-9020,-3533,208,drowning
-15932,-3372,-8492,2486,199,-3206,207,drowning
-17868,-2404,-8068,-789,-4374,480,208,drowning
-16448,-12,-6292,-46,-380,258,207,drowning
-16000,-804,-7692,1583,-1301,-1760,207,drowning
-16344,-3108,-5440,1281,-3286,-161,206,drowning
-15044,-1904,-7004,2362,919,332,207,drowning
-15656,-1636,-8008,1061,-1326,-915,207,drowning
-15952,-2628,-5312,609,-532,-633,206,drowning
-15704,-2820,-6044,460,1615,400,205,drowning
-15320,-2156,-4588,1311,383,-101,206,drowning
-14288,-1724,-4192,2422,1518,-157,206,drowning
-14600,-2540,-5472,1337,-2011,1015,206,drowning
-13540,-1008,-2748,757,-3595,505,206,drowning
-13552,-932,-6312,-1007,-71,1055,207,drowning
-13576,-1076,-2552,-1034,-2076,37,206,drowning
-13992,-1220,-4084,666,2826,834,206,drowning
-14304,-1472,-3852,2245,206,589,207,drowning
-13016,-2216,-5056,1595,2908,-658,206,drowning
-12708,-204,-4540,657,-55,-1131,207,drowning
-12608,-380,-7848,2364,4514,-1611,208,drowning
-14896,-3200,-4944,2289,-1468,-1035,208,drowning
-14696,-2836,-6484,2034,5466,-1934,208,drowning
-15600,-1372,-4008,58,-3699,-605,207,drowning
-14732,-2860,-6012,3417,1919,-1423,207,drowning
-15404,-3292,-6016,1812,-537,-546,207,drowning
-14536,-3052,-4856,1830,1831,49,206,drowning
-13420,-2528,-7432,1244,2320,399,206,drowning
-14584,-2740,-7772,395,881,-5,205,drowning
-16344,-3632,-4036,872,261,1413,206,drowning
-16088,-2488,-5224,170,3582,1864,205,drowning
-15020,-2572,-6604,152,2951,1066,205,drowning
-14840,-1896,-5952,219,1648,1705,205,drowning
-14228,-2056,-6528,108,1090,1718,203,drowning
-13092,-1312,-6108,740,163,711,202,drowning
-10432,-928,-6168,2937,2565,960,203,drowning
-10528,-1856,-11240,1609,468,-485,204,drowning
-14072,-1596,-7084,-656,-5618,501,204,drowning
-15548,-2904,-4124,391,-1460,-479,205,drowning
-15028,-2860,-6224,509,-574,540,205,drowning
-14796,-2508,-6032,-528,-770,609,207,drowning
-13800,-1620,-5204,70,1985,1561,206,drowning
-13576,-696,-10428,-1669,3655,1309,207,drowning
-14956,-1064,-5424,-78,114,879,207,drowning
-14912,-132,-6160,-850,5420,362,206,drowning
-14644,-1296,-5408,768,1655,1265,207,drowning
-13728,-684,-6216,2682,3036,1422,206,drowning
-13532,-736,-9160,2932,2698,326,206,drowning
-13244,-1976,-4376,2536,1236,1147,205,drowning
-11696,-1144,-8768,1556,5583,1128,205,drowning
-10796,-764,-12336,1391,4440,776,205,drowning
-10668,-1288,-13080,1423,4035,393,207,drowning
-13500,-1540,-10464,248,-3080,-1112,208,drowning
-14064,-2672,-7344,568,-74,529,209,drowning
-14152,-1368,-9408,-704,-120,801,209,drowning
-13732,-820,-9528,-743,-1267,656,210,drowning
-13768,-1036,-7916,492,-1569,-785,209,drowning
-13124,-1360,-7892,-511,-2149,-2747,207,drowning
-13632,-1880,-8852,-4732,-1655,-3317,207,drowning
-14072,-2088,-8016,-3411,-617,-3898,205,drowning
-14060,-2136,-8920,-4305,544,-5131,205,drowning
-13852,-2492,-8260,-5196,-111,-7913,203,drowning
-14220,-4288,-9988,-4276,1715,-8922,204,drowning
-14252,-4920,-9228,-4687,-35,-9632,204,drowning
-13460,-4784,-7976,-5210,-2242,-9896,204,drowning
-13288,-5564,-10600,-3006,975,-12756,204,drowning
-13840,-9184,-4692,-6286,-6233,-12229,202,drowning
-13060,-5776,-8284,-11721,1932,-7877,202,drowning
-11904,-5632,-7124,-12706,-1282,-9553,202,drowning
-10888,-6420,-7276,-13791,-327,-8313,203,drowning
-9724,-4912,-10612,-14877,273,-9454,203,drowning
-9992,-8000,-9892,-12195,-2647,-8687,203,drowning
-9776,-4560,-8696,-11403,-3732,-4771,203,drowning
-10052,-4548,-9456,-8648,-513,-4705,203,drowning
-9692,-3172,-8660,-7852,1269,-4540,203,drowning
-9884,-3980,-12104,-7596,308,-4850,204,drowning
-9700,-2640,-12336,-7628,1790,-4202,204,drowning
-10256,-1864,-13796,-5947,-2105,-7157,205,drowning
-10256,-3268,-12312,-4926,-1449,-5430,206,drowning
-9916,-2680,-12612,-6325,-124,-3781,206,drowning
-8788,-2552,-12764,-7195,1754,-4787,207,drowning
-8496,-2968,-14020,-6262,678,-5591,207,drowning
-8768,-2740,-14732,-7319,133,-4818,207,drowning
-9220,-2124,-14292,-6285,-607,-4446,208,drowning
-9036,-2636,-12992,-6137,893,-3320,208,drowning
-7968,-1876,-12532,-6389,1816,-3208,207,drowning
-7976,-928,-13916,-4712,1574,-4756,208,drowning
-7672,-1084,-12388,-3861,1958,-4465,208,drowning
-7864,-1440,-12176,-2571,-1009,-3700,208,drowning
-8380,-1020,-13476,-979,1726,-3413,208,drowning
-9584,32,-15288,-358,-725,-3579,208,drowning
-8684,-2384,-11588,-123,340,-4647,208,drowning
-8456,-720,-15588,-845,5155,-4603,209,drowning
-7600,-1132,-16496,-2469,2261,-7596,209,drowning
-6852,-1924,-14552,-6715,2252,-8493,210,drowning
-5756,-2720,-15060,-6229,5303,-6192,211,drowning
-5440,-680,-16984,-5988,2665,-6391,210,drowning
-4584,-1412,-15644,-4026,6193,-2847,211,drowning
-4260,588,-13604,-4501,-1099,-4123,211,drowning
-5468,-368,-14364,1062,1586,-4498,212,drowning
-6284,-2660,-13940,-200,200,-5971,212,drowning
-6816,-3728,-14408,-701,-503,-1443,210,drowning
-7712,-440,-15084,-2944,-838,-1346,209,drowning
-7300,-528,-16488,-1697,-716,-1151,208,drowning
-6400,-532,-16840,-22,-886,-37,206,drowning
-5356,-1288,-16764,2563,-2455,1689,207,drowning
-5624,-204,-18512,3124,-2496,1432,207,drowning
-4620,-1144,-13064,2185,-101,1745,207,drowning
-5440,-548,-19020,976,2124,383,206,drowning
-4324,-572,-15080,-36,1501,940,206,drowning
-4588,-544,-17216,-740,503,-214,207,drowning
-5184,-524,-16612,-206,89,-339,206,drowning
-5304,-1336,-15128,934,1375,116,207,drowning
-5748,-596,-15440,1553,-473,-673,206,drowning
-5480,-1844,-13012,344,-948,-1388,206,drowning
-6908,-976,-14732,-2703,-1974,-1867,206,drowning
-7568,-1016,-12584,-3862,-1980,-991,205,drowning
-6600,-504,-12900,-1425,2598,-373,205,drowning
-7864,-404,-18832,-984,523,-2358,204,drowning
-6924,-144,-14464,-2672,-2634,-1631,203,drowning
-7040,-144,-15812,870,-2198,-455,203,drowning
-7060,-108,-15768,-117,-1528,-1047,203,drowning
-6120,-472,-13760,-1562,1312,-1360,202,drowning
-5616,288,-17036,-2305,3123,-947,202,drowning
-4524,508,-15816,-2189,2144,-563,203,drowning
-4112,240,-16316,-1112,5218,-35,203,drowning
-4332,1284,-17364,-1423,2214,332,204,drowning
-4464,752,-17068,-625,1756,-140,205,drowning
-3752,752,-12240,292,-1040,910,205,drowning
-5364,1732,-12968,-591,1449,-1379,204,drowning
-6504,-60,-14628,-2656,209,-932,203,drowning
-7008,1948,-14992,-2136,932,-1214,201,drowning
-6876,1724,-17348,63,1127,-2484,201,drowning
-5600,152,-17328,1574,329,-2503,199,drowning
-3860,232,-17284,-14,769,-1209,199,drowning
-3564,832,-20040,125,-282,-59,200,drowning
-2992,976,-17084,-1200,-3637,-671,201,drowning
-3076,1764,-17592,-2883,1461,-783,201,drowning
-2736,2100,-16696,-2023,-149,-1602,202,drowning
-3776,2012,-15432,-2090,-3950,-1973,202,drowning
-4584,1848,-16280,1802,-207,-1748,204,drowning
-4592,696,-11100,-207,-1467,-1941,204,drowning
-6724,1536,-14940,-1440,1553,-1410,202,drowning
-6524,316,-14848,239,1752,300,201,drowning
-6976,1308,-15376,-264,403,802,201,drowning
-6300,844,-15344,2733,-19,-296,200,drowning
-6256,416,-18456,2163,675,-139,200,drowning
-5140,332,-17528,61,-3592,571,202,drowning
-4580,1696,-15964,-305,-3052,1554,202,drowning
-4948,1700,-19772,2670,-5087,203,203,drowning
-3408,1404,-13560,-137,-3894,-971,204,drowning
-4356,1132,-14120,-3728,-5768,-1052,205,drowning
-6480,2168,-16368,-1660,-2289,-1137,206,drowning
-7240,1032,-13512,513,-2629,-1578,206,drowning
-8088,1280,-11664,-1930,-1760,-1046,205,drowning
-8648,436,-11196,1904,-1603,-1449,203,drowning
-9928,204,-13688,490,1004,-560,203,drowning
-10204,1400,-12956,-1103,-786,-891,201,drowning
-9964,864,-13600,-1632,52,-2282,200,drowning
-8648,416,-15188,1596,3618,-985,199,drowning
-7228,608,-15616,-306,393,-677,199,drowning
-6036,692,-15172,-76,2693,224,198,drowning
-6476,920,-16204,734,-845,711,198,drowning
-6320,1980,-14840,682,1123,267,199,drowning
-6440,1604,-16712,95,2331,-731,199,drowning
-5736,1388,-17156,-167,4902,-575,201,drowning
-6956,1732,-23888,-65,122,-738,202,drowning
-5524,1376,-12332,-3823,-6515,-1153,203,drowning
-5548,-136,-11440,1477,-744,-417,204,drowning
-4916,1376,-12920,179,6296,1628,204,drowning
-5872,1600,-17500,501,933,-580,204,drowning
-5648,928,-13524,678,459,-1000,205,drowning
-7056,1336,-16076,-1738,60,-1169,207,drowning
-7496,64,-15864,245,-642,-681,207,drowning
-7668,688,-15748,281,-540,63,208,drowning
-7088,752,-15920,332,927,764,210,drowning
-6252,1456,-15700,-467,397,968,211,drowning
-5720,1768,-16616,-812,1468,487,211,drowning
-5704,1728,-14184,-292,-1707,126,212,drowning
-6848,1052,-15344,719,-1041,-397,213,drowning
-7092,1184,-14432,1111,-1541,378,214,drowning
-7260,1776,-16084,-545,-627,-545,215,drowning
-7112,1592,-15636,-659,-3016,-1008,214,drowning
-6708,1376,-15124,-650,-1403,-435,214,drowning
-6340,1600,-13900,-432,-1145,-143,213,drowning
-7076,2064,-16108,-467,-2989,-422,214,drowning
-6460,736,-11824,1535,-1353,-717,215,drowning
-7604,904,-14528,-73,-2006,-711,216,drowning
-7968,652,-12556,221,-3671,-788,216,drowning
-8816,20,-12032,444,-3069,-210,215,drowning
-9120,1080,-11800,1215,-297,1114,215,drowning
-9412,1840,-14212,-501,324,713,214,drowning
-9032,1920,-14004,-1029,1704,-526,213,drowning
-9320,1984,-15376,-354,1174,-778,214,drowning
-8996,1212,-14980,660,1471,-543,214,drowning
-8744,1572,-15348,-706,1220,-234,215,drowning
-8396,1396,-14888,-808,842,-133,215,drowning
-8052,1692,-14580,-312,708,59,216,drowning
-7676,1684,-14216,403,1821,56,215,drowning
-7588,1840,-15348,243,3224,-13,215,drowning
-7420,2092,-15220,-515,998,-326,215,drowning
-7252,1088,-15196,1041,-783,-844,215,drowning
-7104,1436,-11976,1340,-2278,-687,214,drowning
-7436,1032,-12928,561,-526,-286,215,drowning
-7080,1852,-12472,-1733,3372,-323,214,drowning
-7872,676,-16152,2033,715,-330,214,drowning
-5000,96,-10968,1111,2630,-80,214,drowning
-884,1956,-13384,981,9997,1729,214,drowning
548,1172,-17472,-689,5437,-445,214,drowning
316,1824,-15020,-78,2048,379,214,drowning
-1860,1412,-25044,739,-3710,1518,212,drowning
-4960,2856,-16168,-589,-17526,467,207,drowning
-5060,3876,-15844,1991,-19485,-451,204,drowning
-6388,2032,-13104,1500,-22344,-3653,203,drowning
-8924,2876,-8388,1801,-19520,-4830,201,drowning
-11816,-1784,-6968,4862,-21835,-3996,199,drowning
-14000,-2960,-2144,4805,-25229,-2059,198,drowning
-20984,112,8,132,-23603,-5368,197,drowning
-18656,-4184,7532,3209,-11360,-945,199,drowning
-17720,-1640,2308,196,7419,-761,197,drowning
-17212,-2088,2236,-1362,6738,1793,198,drowning
-15684,-3736,-1468,-986,11693,3276,197,drowning
-14920,600,-3340,-2154,16534,5418,198,drowning
-15084,904,-8736,-286,8377,3654,198,drowning
-14652,-420,-1336,1425,2267,-243,199,drowning
-13732,1192,-10164,867,12354,1339,199,drowning
-13976,188,-9740,2170,-2034,2273,200,drowning
-14652,184,-6688,1926,4463,514,199,drowning
-14592,1088,-8308,730,2630,1774,200,drowning
-13956,368,-10064,314,1668,2805,201,drowning
-14572,616,-8808,2238,-1349,2263,201,drowning
-14736,1276,-6820,946,832,654,201,drowning
-13968,492,-10144,1036,1102,1958,203,drowning
-14548,1168,-8568,1655,562,1645,203,drowning
-15052,1520,-8096,1157,2210,2711,203,drowning
-14512,980,-8424,1395,2846,2105,203,drowning
-14044,1904,-8844,1248,4297,3183,203,drowning
-13288,1868,-7972,1957,2806,2550,204,drowning
-12560,1532,-9888,1690,4551,1196,204,drowning
-12340,2016,-8460,1723,2314,2534,205,drowning
-12256,2416,-9136,2591,2972,1524,206,drowning
-12172,1760,-10448,1477,3688,1785,206,drowning
-12436,2532,-11368,1553,2310,2828,207,drowning
-12412,2328,-11068,2933,3847,4154,207,drowning
-11952,2848,-11604,2899,4992,3621,206,drowning
-10632,2600,-11748,2934,4969,4708,207,drowning
-10372,2916,-11312,3146,4561,4869,206,drowning
-9744,2952,-12256,2871,5777,5218,206,drowning
-9016,3304,-13388,3834,4817,6532,204,drowning
-8400,3960,-13064,3822,3519,6950,203,drowning
-8176,3984,-14640,5042,4317,6560,202,drowning
-7804,3784,-14372,5447,2565,5547,202,drowning
-6932,2600,-14324,5260,2568,5565,202,drowning
-5944,3124,-14508,4107,1321,4923,201,drowning
-5576,2716,-14140,3091,915,4334,201,drowning
-5904,2416,-14124,2612,-562,4461,202,drowning
-5940,2552,-14160,2625,1191,4954,203,drowning
-6088,2420,-15996,2307,1903,5017,203,drowning
-5596,2424,-15784,2891,986,4831,204,drowning
-5320,2116,-15008,3018,453,6277,211,drowning
-4772,2336,-15400,2714,1587,6620,318,drowning
-7524,2764,-16716,-2063,-5838,-4284,218,drowning
-8324,940,-14404,256,-2912,-2568,216,drowning
-8072,2748,-15096,1545,-2615,-1930,217,drowning
-8212,2804,-17336,1588,-649,-2034,217,drowning
-8852,1524,-15760,360,-351,-1999,218,drowning
-7180,2204,-15476,1284,-1111,69,219,drowning
-6064,1176,-16292,2157,-309,-39,219,drowning
-5640,968,-14304,352,-513,106,220,drowning
-5624,-128,-12480,1100,-1142,698,221,drowning
-6396,764,-16004,1831,325,1470,220,drowning
-7520,2012,-16796,-67,-685,446,220,drowning
-7800,1108,-14276,-1280,-1773,1181,221,drowning
-8116,2424,-17080,-1862,3195,630,221,drowning
-7544,2496,-19016,-1554,1255,759,221,drowning
-7036,3568,-16056,-2743,-1474,-1047,221,drowning
-6608,4180,-15908,-470,-108,-3081,219,drowning
-7964,2476,-19924,2709,4065,-4057,219,drowning
-9176,-124,-15832,14,-3829,-4239,217,drowning
-7236,984,-17824,-511,767,-319,216,drowning
-8636,860,-16844,-2155,-4633,54,216,drowning
-7940,3300,-10984,-2121,-3510,-2843,216,drowning
-8408,264,-12944,1912,-8822,-5214,216,drowning
-9324,-808,-12724,2392,-4483,-3428,217,drowning
-8700,-12,-11848,1311,-2774,1200,217,drowning
-9260,3372,-16488,-1845,-264,820,217,drowning
-7384,2212,-15008,-286,-5022,146,217,drowning
-9668,4132,-13132,-2258,-4687,-1645,218,drowning
-14564,2864,-13604,2054,-4600,-4403,216,drowning
-14148,-2320,-10964,5532,1283,-5856,216,drowning
-14020,-2912,-14936,5213,564,-1922,215,drowning
-11900,-6124,-6504,3228,-2317,-1142,215,drowning
-13120,-1892,-13380,2958,3485,8776,216,drowning
-7988,-2212,-10884,256,8019,7418,251,drowning
-6960,3120,-18112,2162,8026,4604,400,drowning
-10292,-2324,-11952,-153,-1054,1748,458,drowning
-12748,-584,-18476,-3313,2925,2285,465,drowning
-9464,504,-9784,-4498,3701,3105,468,drowning
-7516,1680,-14640,-4055,9133,3027,471,drowning
-5912,3108,-17924,-2755,1247,806,494,drowning
-7276,1884,-14664,549,-2346,996,521,drowning
-6772,1652,-8564,959,-3349,-741,539,drowning
-4812,2724,-5484,2097,-1094,1670,550,drowning
-5512,3080,-8852,1936,-525,-955,559,drowning
-7112,220,-9556,5505,-3895,1308,561,drowning
-5644,1220,-11096,3956,-2920,-180,569,drowning
-5188,2100,-11264,1343,-883,-669,574,drowning
-6784,1524,-10044,412,-2356,-3075,571,drowning
-8172,1360,-8180,1422,-1730,-4078,569,drowning
-8124,164,-10564,1400,549,-2049,571,drowning
-7424,-1476,-10880,175,-582,-1372,572,drowning
-8004,1076,-11520,-842,-1422,-692,590,drowning
-12084,-3080,-9500,165,-2004,-3459,585,drowning
-10704,-1948,-12420,-1484,2689,-1025,584,drowning
-9880,504,-10788,1571,2481,3193,584,drowning
-10108,1456,-14316,987,4255,1174,584,drowning
-10424,-2808,-16372,-232,-14184,-560,589,drowning
-11948,-1480,-14980,1329,3838,319,264,drowning
-13716,-912,-14164,1683,2952,1583,219,drowning
-9720,-1252,-14000,1365,3273,668,218,drowning
-7624,-508,-12992,-747,2938,2244,219,drowning
-7480,-2464,-14636,-401,4711,1443,218,drowning
-7384,708,-13980,-1529,5419,2468,219,drowning
-7952,724,-15620,-911,6493,1684,219,drowning
-7656,2088,-13864,-177,5344,1461,218,drowning
-6192,1080,-13492,-1084,6223,450,218,drowning
-5364,1472,-13932,-688,9810,287,217,drowning
-4968,2332,-17496,-3379,9418,456,216,drowning
-3212,2468,-20304,-1626,9589,1115,217,drowning
-3016,3328,-20832,-1194,7113,1253,217,drowning
-1708,4280,-18276,-1079,5176,-29,216,drowning
172,2788,-17884,-46,4748,-1839,217,drowning
756,2524,-17636,-407,5291,-3251,216,drowning
1172,1176,-16732,515,2105,-4760,215,drowning
1676,1724,-15924,-765,5320,-4555,215,drowning
548,756,-19460,-501,1054,-3695,215,drowning
-424,1244,-16916,-2510,3347,-4500,217,drowning
292,3152,-15808,847,-260,-1806,216,drowning
-1016,1236,-20872,4224,-171,-4100,217,drowning
-3040,1880,-19492,3156,-3220,-1401,217,drowning
-928,3360,-15356,2389,2080,752,217,drowning
-652,6472,-15440,6894,8456,582,215,drowning
2304,1512,-13824,5669,9272,-3426,214,drowning
3432,-3188,-20664,5318,8985,-5248,212,drowning
4612,-1364,-18616,2714,-10,-2693,213,drowning
3376,-3756,-18884,492,712,844,214,drowning
2760,-5856,-15116,-320,-1597,4582,215,drowning
1980,-2488,-14700,-1711,-254,7667,216,drowning
2304,-952,-16260,-3991,-2163,4975,216,drowning
3576,428,-17956,-6060,-1634,3222,216,drowning
252,-28,-17080,-2148,-3501,-223,217,drowning
1040,2060,-19556,-2734,-2300,-486,217,drowning
2728,-1980,-14864,-1240,-303,336,217,drowning
2996,1016,-20084,-3407,3224,2978,217,drowning
4124,4360,-16764,-6397,629,929,216,drowning
3560,2384,-16904,-2461,1839,-734,217,drowning
2852,3180,-20172,-2969,2461,-2887,216,drowning
1472,2968,-21928,32,28,-2403,216,drowning
3824,1680,-20572,-1544,-4023,-3446,214,drowning
3436,2876,-19236,-341,-4155,-2141,214,drowning
3140,3072,-19556,771,-3313,-2286,212,drowning
2220,2056,-18876,4711,-2938,-2600,210,drowning
2440,2176,-16572,3508,-6463,-3218,208,drowning
2108,1580,-17372,972,-124,-2227,208,drowning
1692,3108,-17868,2024,-3144,-825,209,drowning
504,2896,-16192,-1329,-702,253,218,drowning
-844,1908,-13320,416,857,-540,296,drowning
276,1600,-18712,-1006,-9890,90,219,drowning
-2764,2076,-16748,-2006,-12807,-675,216,drowning
-4928,1684,-15316,-821,-11069,-505,216,drowning
-6792,2896,-15376,-961,-11580,-395,217,drowning
-7532,1880,-14736,-372,-7408,-638,218,drowning
-8352,1828,-13900,1217,-6039,1064,219,drowning
-8276,2832,-14084,2401,-4260,571,219,drowning
-8752,2408,-13012,2392,-3024,463,219,drowning
-9384,1656,-15108,2380,-1821,-96,220,drowning
-10108,1820,-14444,1435,-2198,517,220,drowning
-9008,1332,-14700,1400,-1648,-165,221,drowning
-9432,1316,-14172,1815,-2088,-704,220,drowning
-9508,716,-13344,1406,-2837,-1284,221,drowning
-10040,664,-13000,726,-2751,-1049,220,drowning
-10304,524,-12752,503,732,-1822,220,drowning
-10108,56,-13240,-287,-257,-1745,220,drowning
-10164,-576,-13036,-433,2311,-549,220,drowning
-10276,292,-14116,-513,2469,438,220,drowning
-9436,648,-13256,-32,860,1338,220,drowning
-9504,1016,-14148,-123,2356,1174,220,drowning
-9288,1180,-13948,-337,2085,1200,220,drowning
-9400,1876,-14708,-1147,2771,776,220,drowning
-9472,1472,-15468,-1775,-615,-401,221,drowning
-9256,1544,-14180,-2501,-1879,-261,221,drowning
-10220,2548,-15216,-669,-2859,-349,221,drowning
-10600,484,-14284,1274,-5330,-804,219,drowning
-11384,968,-13132,2136,-4685,-839,218,drowning
-11248,344,-10628,-875,-2640,-667,218,drowning
-11196,716,-10112,-4190,2538,415,217,drowning
-7500,4004,-14044,-4466,-4771,-6147,218,drowning
-8976,3220,-11920,-1736,863,-581,218,drowning
-9464,3504,-12564,-714,6770,-868,217,drowning
-8372,2448,-13572,531,7063,454,216,drowning
-7488,2992,-14640,578,5756,-585,216,drowning
-6064,2464,-14812,688,5268,-300,216,drowning
-5260,2692,-15476,340,7380,-994,216,drowning
-5304,2676,-16588,263,3664,-1100,216,drowning
-6900,2820,-18828,631,-1242,-2668,216,drowning
-5476,2268,-14192,1644,-1814,-2867,216,drowning
-3712,-20,-15072,3202,-5482,-1913,215,drowning
-5916,3048,-24820,3604,588,-1449,213,drowning
-3868,1612,-22784,2541,-8477,-354,211,drowning
-4308,1400,-25460,1552,-71,1852,209,drowning
-8540,4804,-23948,587,20816,4538,208,drowning
-4516,556,-15040,1729,32767,3683,208,drowning
-5220,-2364,-12132,4015,22536,-2425,208,drowning
868,1304,-20064,-5375,-595,-2271,209,drowning
-2364,336,-16112,-3223,-17526,-6822,208,drowning
-6048,-548,-16992,-3869,-20561,-3753,209,drowning
-6408,3044,-11668,-2929,-13377,-2974,208,drowning
-7496,676,-18160,-1577,-7066,-1439,209,drowning
-7308,568,-12584,595,-14094,-2576,208,drowning
-9208,1448,-9384,-1446,-12071,-3125,209,drowning
-9952,20,-12700,709,-3662,-4029,209,drowning
-10352,316,-12372,-708,-6323,-1304,209,drowning
-11472,672,-10968,-320,-8197,-1233,209,drowning
-12520,568,-9444,-1337,-8319,-995,208,drowning
-12864,1160,-7508,-510,-7914,-713,209,drowning
-14240,1196,-7576,891,-4590,358,209,drowning
-14540,1264,-7504,133,-3519,-485,209,drowning
-14484,1048,-7212,-286,-4747,-722,209,drowning
-13624,2148,-6508,-57,-2427,-3726,210,drowning
-13572,-348,-7796,375,-4696,-1851,214,drowning
-12992,1140,-5780,-1078,1657,-1157,220,drowning
-13172,-1416,-5888,1187,4651,1611,237,drowning
